INSERT INTO Suppliers (SupplierID, Name, ContactEmail, Address, Phone) VALUES (1, 'Sports Goods', 'sportsgoods@supplier.com', 'Str. Wowwoo, Mexico', '0767347447');
INSERT INTO Suppliers (SupplierID, Name, ContactEmail, Address, Phone) VALUES (2, 'GamesForFun', 'gamesforfun@supplier.com', 'Str. Cantemir, Iasi', '0754532535');
INSERT INTO Suppliers (SupplierID, Name, ContactEmail, Address, Phone) VALUES (3, 'PlayNow', 'playnow@supplier.com', 'Str. Locococo, Austin', '0785485848');
INSERT INTO Suppliers (SupplierID, Name, ContactEmail, Address, Phone) VALUES (4, 'Aerospae', 'aerospae@supplier.com', 'Str. Baguette, Paris', '0745573473');
INSERT INTO Suppliers (SupplierID, Name, ContactEmail, Address, Phone) VALUES (5, 'SpeedForNeed', 'speedforneed@supplier.com', 'Str. Suberek, Turkey', '0757436366');

INSERT INTO Products (ProductID, Name, Description, Price, StockQuantity, SupplierID) VALUES (1, 'Adidasi obraznici', 'Niste adidasi foarte obraznici', 89, 100, 1);
INSERT INTO Products (ProductID, Name, Description, Price, StockQuantity, SupplierID) VALUES(2, 'Adidasi putere', 'Marca VS, adidasi de calitate', 101, 120, 1);
INSERT INTO Products (ProductID, Name, Description, Price, StockQuantity, SupplierID) VALUES(3, 'Tricou sala', 'Eat big get big yeaaa buddy', 244, 150, 1);
INSERT INTO Products (ProductID, Name, Description, Price, StockQuantity, SupplierID) VALUES (4, 'Tricou obraznic', 'Niste obraznici 2', 200, 90, 1);
INSERT INTO Products (ProductID, Name, Description, Price, StockQuantity, SupplierID) VALUES (5, 'Sapca cool', 'O sapca foarte cool pentru vara', 50, 200, 1);
INSERT INTO Products (ProductID, Name, Description, Price, StockQuantity, SupplierID) VALUES (6, 'Sac de box', 'Pentru antrenamente intense', 300, 30, 1);
INSERT INTO Products (ProductID, Name, Description, Price, StockQuantity, SupplierID) VALUES (7, 'Minge de fotbal', 'Pentru meciuri cu prietenii', 75, 100, 1);
INSERT INTO Products (ProductID, Name, Description, Price, StockQuantity, SupplierID) VALUES (8, 'Manusi sala', 'Protejeaza-ti mainile', 40, 150, 1);
INSERT INTO Products (ProductID, Name, Description, Price, StockQuantity, SupplierID) VALUES (9, 'Adidasi running', 'Perfecti pentru alergare', 150, 110, 1);
INSERT INTO Products (ProductID, Name, Description, Price, StockQuantity, SupplierID) VALUES (10, 'Geanta sport', 'Ideala pentru sala de sport', 120, 80, 1);
INSERT INTO Products (ProductID, Name, Description, Price, StockQuantity, SupplierID) VALUES (11, 'Joc de societate', 'Distreaza-te cu prietenii', 60, 200, 2);
INSERT INTO Products (ProductID, Name, Description, Price, StockQuantity, SupplierID) VALUES (12, 'Puzzle', 'Puzzle de 1000 de piese', 30, 150, 2);
INSERT INTO Products (ProductID, Name, Description, Price, StockQuantity, SupplierID) VALUES (13, 'Tabla de sah', 'Pentru iubitorii de sah', 150, 100, 2);
INSERT INTO Products (ProductID, Name, Description, Price, StockQuantity, SupplierID) VALUES (14, 'Joc Monopoly', 'Clasicul joc Monopoly', 70, 120, 2);
INSERT INTO Products (ProductID, Name, Description, Price, StockQuantity, SupplierID) VALUES (15, 'Joc de carti', 'Divertisment pentru toata familia', 20, 250, 2);
INSERT INTO Products (ProductID, Name, Description, Price, StockQuantity, SupplierID) VALUES (16, 'Rubik’s Cube', 'Provocare si distractie', 25, 300, 2);
INSERT INTO Products (ProductID, Name, Description, Price, StockQuantity, SupplierID) VALUES (17, 'Darts', 'Joc de darts pentru acasa', 45, 150, 2);
INSERT INTO Products (ProductID, Name, Description, Price, StockQuantity, SupplierID) VALUES (18, 'Joc Uno', 'Uno pentru seri distractive', 15, 200, 2);
INSERT INTO Products (ProductID, Name, Description, Price, StockQuantity, SupplierID) VALUES (19, 'Joc video', 'Cel mai nou joc video', 250, 100, 2);
INSERT INTO Products (ProductID, Name, Description, Price, StockQuantity, SupplierID) VALUES (20, 'Set de poker', 'Pentru seri de poker cu prietenii', 100, 80, 2);
INSERT INTO Products (ProductID, Name, Description, Price, StockQuantity, SupplierID) VALUES (21, 'Consola Gaming', 'Consola de ultima generatie', 500, 60, 3);
INSERT INTO Products (ProductID, Name, Description, Price, StockQuantity, SupplierID) VALUES (22, 'Joc VR', 'Experienta virtuala imersiva', 150, 70, 3);
INSERT INTO Products (ProductID, Name, Description, Price, StockQuantity, SupplierID) VALUES (23, 'Controller wireless', 'Controler ergonomic pentru gaming', 90, 100, 3);
INSERT INTO Products (ProductID, Name, Description, Price, StockQuantity, SupplierID) VALUES (24, 'Casti Gaming', 'Casti cu sunet surround', 120, 80, 3);
INSERT INTO Products (ProductID, Name, Description, Price, StockQuantity, SupplierID) VALUES (25, 'Tastatura mecanica', 'Tastatura rapida pentru gaming', 110, 90, 3);
INSERT INTO Products (ProductID, Name, Description, Price, StockQuantity, SupplierID) VALUES (26, 'Mouse Gaming', 'Mouse precis pentru jucatori', 70, 110, 3);
INSERT INTO Products (ProductID, Name, Description, Price, StockQuantity, SupplierID) VALUES (27, 'Scaun Gaming', 'Scaun confortabil pentru sesiuni lungi', 200, 50, 3);
INSERT INTO Products (ProductID, Name, Description, Price, StockQuantity, SupplierID) VALUES (28, 'Webcam pentru streaming', 'Webcam HD pentru streameri', 140, 70, 3);
INSERT INTO Products (ProductID, Name, Description, Price, StockQuantity, SupplierID) VALUES (29, 'Microfon', 'Microfon de inalta calitate pentru gaming', 100, 85, 3);
INSERT INTO Products (ProductID, Name, Description, Price, StockQuantity, SupplierID) VALUES (30, 'Lumini RGB', 'Iluminare RGB pentru setup-ul de gaming', 60, 120, 3);
INSERT INTO Products (ProductID, Name, Description, Price, StockQuantity, SupplierID) VALUES (31, 'Model avion', 'Model detaliat de avion', 250, 40, 4);
INSERT INTO Products (ProductID, Name, Description, Price, StockQuantity, SupplierID) VALUES (32, 'Telescop', 'Telescop pentru observatii spatiale', 300, 30, 4);
INSERT INTO Products (ProductID, Name, Description, Price, StockQuantity, SupplierID) VALUES (33, 'Kit de robotica', 'Kit educativ pentru asamblarea robotilor', 220, 50, 4);
INSERT INTO Products (ProductID, Name, Description, Price, StockQuantity, SupplierID) VALUES (34, 'Drone', 'Drone pentru inregistrari aeriene', 400, 25, 4);
INSERT INTO Products (ProductID, Name, Description, Price, StockQuantity, SupplierID) VALUES (35, 'Racheta model', 'Racheta de modelism', 150, 45, 4);
INSERT INTO Products (ProductID, Name, Description, Price, StockQuantity, SupplierID) VALUES (36, 'Microscop', 'Microscop pentru observatii detaliate', 200, 40, 4);
INSERT INTO Products (ProductID, Name, Description, Price, StockQuantity, SupplierID) VALUES (37, 'Lanterna puternica', 'Lanterna pentru explorari', 80, 100, 4);
INSERT INTO Products (ProductID, Name, Description, Price, StockQuantity, SupplierID) VALUES (38, 'Busola digitala', 'Busola pentru orientare precisa', 50, 150, 4);
INSERT INTO Products (ProductID, Name, Description, Price, StockQuantity, SupplierID) VALUES (39, 'Harta stelara', 'Harta detaliata a constelatiilor', 70, 90, 4);
INSERT INTO Products (ProductID, Name, Description, Price, StockQuantity, SupplierID) VALUES (40, 'Binoclu', 'Binoclu de mare putere', 120, 80, 4);
INSERT INTO Products (ProductID, Name, Description, Price, StockQuantity, SupplierID) VALUES (41, 'Bicicleta de cursa', 'Bicicleta rapida pentru competitii', 800, 20, 5);
INSERT INTO Products (ProductID, Name, Description, Price, StockQuantity, SupplierID) VALUES (42, 'Casca de protectie', 'Casca pentru siguranta in timpul cursei', 100, 60, 5);
INSERT INTO Products (ProductID, Name, Description, Price, StockQuantity, SupplierID) VALUES (43, 'Anvelope de cursa', 'Anvelope de inalta performanta', 120, 70, 5);
INSERT INTO Products (ProductID, Name, Description, Price, StockQuantity, SupplierID) VALUES (44, 'Set de reparatii', 'Kit pentru reparatii rapide', 50, 100, 5);
INSERT INTO Products (ProductID, Name, Description, Price, StockQuantity, SupplierID) VALUES (45, 'Manusi de ciclism', 'Manusi confortabile pentru ciclism', 40, 120, 5);
INSERT INTO Products (ProductID, Name, Description, Price, StockQuantity, SupplierID) VALUES (46, 'Geanta de hidratare', 'Sistem de hidratare pentru curse lungi', 90, 80, 5);
INSERT INTO Products (ProductID, Name, Description, Price, StockQuantity, SupplierID) VALUES (47, 'Lumini bicicleta', 'Lumini LED pentru siguranta', 30, 150, 5);
INSERT INTO Products (ProductID, Name, Description, Price, StockQuantity, SupplierID) VALUES (48, 'Pedale performante', 'Pedale pentru o pedalare eficienta', 60, 90, 5);
INSERT INTO Products (ProductID, Name, Description, Price, StockQuantity, SupplierID) VALUES (49, 'Ochelari de soare', 'Ochelari pentru protectie UV', 70, 110, 5);
INSERT INTO Products (ProductID, Name, Description, Price, StockQuantity, SupplierID) VALUES (50, 'GPS pentru biciclete', 'Dispozitiv GPS pentru trasee', 200, 40, 5);

INSERT INTO Customers (CustomerID, FirstName, LastName, Email, Password, Address, Phone) VALUES (1, 'John', 'Doe', 'john@example.com', 'a8c054e6b5e3edf349c1dac58157d1cd', '1234 Main St', '555-1234');
INSERT INTO Customers (CustomerID, FirstName, LastName, Email, Password, Address, Phone) VALUES (2, 'Jane', 'Smith', 'jane@example.com', 'd37630caf1acab6433dd4a8f620b5562', '5678 Main St', '555-5678');
INSERT INTO Customers (CustomerID, FirstName, LastName, Email, Password, Address, Phone) VALUES (3, 'Alice', 'Johnson', 'alice@example.com', '3d7b3b8353bd6731e92af86e98995929', '9101 Main St', '555-9101');
INSERT INTO Customers (CustomerID, FirstName, LastName, Email, Password, Address, Phone) VALUES (4, 'Bob', 'Brown', 'bob@example.com', 'd4b71fbeaa70fcbd2099df998ebd301e', '3456 Second St', '555-3456');
INSERT INTO Customers (CustomerID, FirstName, LastName, Email, Password, Address, Phone) VALUES (5, 'Carol', 'Davis', 'carol@example.com', '7cc5d7ea3392134fa67542deb8137117', '7890 Third St', '555-7890');

INSERT INTO Orders (OrderID, CustomerID, OrderDate, Status) VALUES (1, 1, TO_DATE('2023-01-01', 'YYYY-MM-DD'), 'Delivered');
INSERT INTO Orders (OrderID, CustomerID, OrderDate, Status) VALUES (2, 1, TO_DATE('2023-01-03', 'YYYY-MM-DD'), 'Shipped');
INSERT INTO Orders (OrderID, CustomerID, OrderDate, Status) VALUES (3, 1, TO_DATE('2023-01-05', 'YYYY-MM-DD'), 'Processing');
INSERT INTO Orders (OrderID, CustomerID, OrderDate, Status) VALUES (4, 2, TO_DATE('2023-01-02', 'YYYY-MM-DD'), 'Delivered');
INSERT INTO Orders (OrderID, CustomerID, OrderDate, Status) VALUES (5, 2, TO_DATE('2023-01-04', 'YYYY-MM-DD'), 'Shipped');
INSERT INTO Orders (OrderID, CustomerID, OrderDate, Status) VALUES (6, 2, TO_DATE('2023-01-06', 'YYYY-MM-DD'), 'Processing');
INSERT INTO Orders (OrderID, CustomerID, OrderDate, Status) VALUES (7, 3, TO_DATE('2023-01-07', 'YYYY-MM-DD'), 'Delivered');
INSERT INTO Orders (OrderID, CustomerID, OrderDate, Status) VALUES (8, 3, TO_DATE('2023-01-09', 'YYYY-MM-DD'), 'Shipped');
INSERT INTO Orders (OrderID, CustomerID, OrderDate, Status) VALUES (9, 3, TO_DATE('2023-01-11', 'YYYY-MM-DD'), 'Processing');
INSERT INTO Orders (OrderID, CustomerID, OrderDate, Status) VALUES (10, 4, TO_DATE('2023-01-08', 'YYYY-MM-DD'), 'Delivered');
INSERT INTO Orders (OrderID, CustomerID, OrderDate, Status) VALUES (11, 4, TO_DATE('2023-01-10', 'YYYY-MM-DD'), 'Shipped');
INSERT INTO Orders (OrderID, CustomerID, OrderDate, Status) VALUES (12, 4, TO_DATE('2023-01-12', 'YYYY-MM-DD'), 'Processing');
INSERT INTO Orders (OrderID, CustomerID, OrderDate, Status) VALUES (13, 5, TO_DATE('2023-01-13', 'YYYY-MM-DD'), 'Delivered');
INSERT INTO Orders (OrderID, CustomerID, OrderDate, Status) VALUES (14, 5, TO_DATE('2023-01-15', 'YYYY-MM-DD'), 'Shipped');
INSERT INTO Orders (OrderID, CustomerID, OrderDate, Status) VALUES (15, 5, TO_DATE('2023-01-17', 'YYYY-MM-DD'), 'Processing');

INSERT INTO OrderDetails (OrderDetailID, OrderID, ProductID, Quantity, Price) VALUES (1, 1, 1, 2, 89);
INSERT INTO OrderDetails (OrderDetailID, OrderID, ProductID, Quantity, Price) VALUES (2, 1, 3, 1, 244);
INSERT INTO OrderDetails (OrderDetailID, OrderID, ProductID, Quantity, Price) VALUES (3, 2, 2, 3, 101);
INSERT INTO OrderDetails (OrderDetailID, OrderID, ProductID, Quantity, Price) VALUES (4, 2, 5, 1, 50);
INSERT INTO OrderDetails (OrderDetailID, OrderID, ProductID, Quantity, Price) VALUES (5, 3, 4, 2, 200);
INSERT INTO OrderDetails (OrderDetailID, OrderID, ProductID, Quantity, Price) VALUES (6, 3, 6, 1, 300);
INSERT INTO OrderDetails (OrderDetailID, OrderID, ProductID, Quantity, Price) VALUES (7, 4, 7, 1, 75);
INSERT INTO OrderDetails (OrderDetailID, OrderID, ProductID, Quantity, Price) VALUES (8, 4, 8, 1, 40);
INSERT INTO OrderDetails (OrderDetailID, OrderID, ProductID, Quantity, Price) VALUES (9, 5, 9, 1, 150);
INSERT INTO OrderDetails (OrderDetailID, OrderID, ProductID, Quantity, Price) VALUES (10, 5, 10, 2, 120);
INSERT INTO OrderDetails (OrderDetailID, OrderID, ProductID, Quantity, Price) VALUES (11, 6, 11, 1, 60);
INSERT INTO OrderDetails (OrderDetailID, OrderID, ProductID, Quantity, Price) VALUES (12, 6, 12, 2, 30);
INSERT INTO OrderDetails (OrderDetailID, OrderID, ProductID, Quantity, Price) VALUES (13, 7, 13, 1, 150);
INSERT INTO OrderDetails (OrderDetailID, OrderID, ProductID, Quantity, Price) VALUES (14, 7, 14, 1, 70);
INSERT INTO OrderDetails (OrderDetailID, OrderID, ProductID, Quantity, Price) VALUES (15, 8, 15, 2, 20);